{"cameraMode":{"drawMode":0,"name":"Shaded","section":"Shading Mode"},"sceneLighting":false,"audioPlay":false,"sceneViewState":{"showFog":true,"showMaterialUpdate":false,"showSkybox":false,"showFlares":true,"showImageEffects":true,"showParticleSystems":true},"in2DMode":false,"pivot":{"x":-59.52791976928711,"y":47.68153381347656,"z":99.69049072265625},"rotation":{"x":0.2832345962524414,"y":-0.05378466472029686,"z":0.015820425003767015,"w":0.9575068354606628},"size":65.27576446533203,"orthographic":false}