{"cameraMode":{"drawMode":0,"name":"Shaded","section":"Shading Mode"},"sceneLighting":true,"audioPlay":false,"sceneViewState":{"showFog":true,"showMaterialUpdate":false,"showSkybox":true,"showFlares":true,"showImageEffects":true,"showParticleSystems":true},"in2DMode":false,"pivot":{"x":-10.338603973388672,"y":23.54876708984375,"z":-41.81568908691406},"rotation":{"x":-0.4068586528301239,"y":0.05056711658835411,"z":-0.022122792899608613,"w":-0.9120033383369446},"size":173.4828338623047,"orthographic":false}