{"cameraMode":{"drawMode":0,"name":"Shaded","section":"Shading Mode"},"sceneLighting":false,"audioPlay":false,"sceneViewState":{"showFog":true,"showMaterialUpdate":false,"showSkybox":false,"showFlares":true,"showImageEffects":true,"showParticleSystems":true},"in2DMode":false,"pivot":{"x":-101.36082458496094,"y":1.9475047588348389,"z":23.900001525878908},"rotation":{"x":0.2632724344730377,"y":-0.6633938550949097,"z":0.2699466943740845,"w":0.6464480757713318},"size":49.691925048828128,"orthographic":false}