{"cameraMode":{"drawMode":0,"name":"Shaded","section":"Shading Mode"},"sceneLighting":false,"audioPlay":false,"sceneViewState":{"showFog":true,"showMaterialUpdate":false,"showSkybox":false,"showFlares":true,"showImageEffects":true,"showParticleSystems":true},"in2DMode":false,"pivot":{"x":9.869196891784668,"y":4.260898590087891,"z":13.288994789123536},"rotation":{"x":0.09383083879947663,"y":-0.8287706971168518,"z":0.14504866302013398,"w":0.5325158834457398},"size":27.60049819946289,"orthographic":false}