{"cameraMode":{"drawMode":0,"name":"Shaded","section":"Shading Mode"},"sceneLighting":false,"audioPlay":false,"sceneViewState":{"showFog":true,"showMaterialUpdate":false,"showSkybox":false,"showFlares":true,"showImageEffects":true,"showParticleSystems":true},"in2DMode":false,"pivot":{"x":12.414073944091797,"y":5.926473617553711,"z":0.5868492126464844},"rotation":{"x":-0.3466866612434387,"y":0.1123766154050827,"z":-0.04127516597509384,"w":-0.9304531812667847},"size":20.980182647705079,"orthographic":false}