{"cameraMode":{"drawMode":0,"name":"Shaded","section":"Shading Mode"},"sceneLighting":false,"audioPlay":false,"sceneViewState":{"showFog":true,"showMaterialUpdate":false,"showSkybox":false,"showFlares":true,"showImageEffects":true,"showParticleSystems":true},"in2DMode":false,"pivot":{"x":1.8871440887451172,"y":-13.713874816894532,"z":4.869229316711426},"rotation":{"x":-0.256717711687088,"y":0.7423852682113648,"z":-0.4133518636226654,"w":-0.4608478248119354},"size":39.23347854614258,"orthographic":false}