{"cameraMode":{"drawMode":0,"name":"Shaded","section":"Shading Mode"},"sceneLighting":false,"audioPlay":false,"sceneViewState":{"showFog":true,"showMaterialUpdate":false,"showSkybox":false,"showFlares":true,"showImageEffects":true,"showParticleSystems":true},"in2DMode":false,"pivot":{"x":-16.071063995361329,"y":-23.736732482910158,"z":33.28561019897461},"rotation":{"x":-0.2981680929660797,"y":0.33154281973838808,"z":-0.11061185598373413,"w":-0.8883801698684692},"size":60.45595169067383,"orthographic":false}