{"cameraMode":{"drawMode":0,"name":"Shaded","section":"Shading Mode"},"sceneLighting":false,"audioPlay":false,"sceneViewState":{"showFog":true,"showMaterialUpdate":false,"showSkybox":false,"showFlares":true,"showImageEffects":true,"showParticleSystems":true},"in2DMode":false,"pivot":{"x":-43.62037658691406,"y":-10.093856811523438,"z":-13.699882507324219},"rotation":{"x":-0.48243430256843569,"y":0.027527526021003724,"z":-0.014717170037329197,"w":-0.875564455986023},"size":236.02105712890626,"orthographic":false}