{"cameraMode":{"drawMode":0,"name":"Shaded","section":"Shading Mode"},"sceneLighting":false,"audioPlay":false,"sceneViewState":{"showFog":true,"showMaterialUpdate":false,"showSkybox":false,"showFlares":true,"showImageEffects":true,"showParticleSystems":true},"in2DMode":false,"pivot":{"x":-38.88916778564453,"y":4.850149154663086,"z":1.3586115837097169},"rotation":{"x":-0.24182339012622834,"y":0.6751965880393982,"z":-0.2509952783584595,"w":-0.6501426100730896},"size":37.92245864868164,"orthographic":false}