{"cameraMode":{"drawMode":0,"name":"Shaded","section":"Shading Mode"},"sceneLighting":false,"audioPlay":false,"sceneViewState":{"showFog":true,"showMaterialUpdate":false,"showSkybox":false,"showFlares":true,"showImageEffects":true,"showParticleSystems":true},"in2DMode":false,"pivot":{"x":-0.31975820660591128,"y":2.8854808807373049,"z":4.905557632446289},"rotation":{"x":-0.628976583480835,"y":0.027043920010328294,"z":-0.021446019411087037,"w":-0.7768316864967346},"size":22.562274932861329,"orthographic":false}