{"cameraMode":{"drawMode":0,"name":"Shaded","section":"Shading Mode"},"sceneLighting":false,"audioPlay":false,"sceneViewState":{"showFog":true,"showMaterialUpdate":false,"showSkybox":false,"showFlares":true,"showImageEffects":true,"showParticleSystems":true},"in2DMode":false,"pivot":{"x":12.519594192504883,"y":0.7298622131347656,"z":5.79059362411499},"rotation":{"x":0.20815211534500123,"y":0.1105601117014885,"z":-0.024279078468680383,"w":0.9716657996177673},"size":13.475456237792969,"orthographic":false}